Workbook

Sheet SPT
A1: PEMERINTAH KABUPATEN HULU SUNGAI SELATAN
A2: KECAMATAN KANDANGAN
A3: DESA AMAWANG KANAN
A4: Jl. Asam Cangkuk RT.003 RW.002 - Kode Pos: 71213 – 085347899293/085248904994
A5: Email: pemdes.amawang.kanan@gmail.com Website: amawangkanan.desa.id
A8: SURAT PERINTAH TUGAS
A9: Nomor: 800.1.11.1/ /SPT-AKN/2026
A11: Dasar | B11: : | C11: 400.10.2.2/ 24 /Kec Kdg. Kandangan, 8 Januari 2026
A14: MENUGASKAN:
A15: Kepada | B15: :
A16: NO. | B16: NAMA | G16: JABATAN | J16: TUJUAN
A17: 1 | B17: ARIF RAHMAN HAKIM | G17: Sekertaris Desa Amawang Kanan | J17: Kandangan
A18: Untuk | B18: : | C18: Menghadiri Undangan Evaluasi APBDes Murni Tahun Anggaran 2026
C20: Hari/Tanggal | D20: : | E20: Selasa / 13 Januari 2026
C21: Tempat | D21: : | E21: Aula Kecamatan Kandangan
I24: Dibuat di | J24: : | K24: Amawang Kanan
I25: Pada Tanggal | J25: : | K25: 14 Januari 2026
I27: Kepala Desa Amawang Kanan
I31: MUHAMMAD NOOR EFFENDIE

Sheet SPPD
B1: PEMERINTAH KABUPATEN HULU SUNGAI SELATAN | N1: I. | P1: SPPD Nomor | R1: : | S1: =I7 -> 800.1.11.1/ /SPPD-AKN/2025
B2: KECAMATAN KANDANGAN | P2: Berangkat dari (tempat kedudukan) | R2: : | S2: =E20 -> Kantor Desa Amawang Kanan
B3: DESA AMAWANG KANAN | P3: Pada tanggal | R3: : | S3: =E22 -> 14 Januari 2026
B4: Jl. Asam Cangkuk RT.003 RW.002 – Kode Pos: 71213 – 085347899293/085248904994 Email: pemdes.amawang.kanan@gmail.com Website: amawangkanan.desa.id | P4: Ke | R4: : | S4: =E21 -> Aula Kecamatan Kandangan
Q5: Tim Pelaksana Kegiatan Teknis
E6: Kode Nomor | H6: :
E7: Nomor | H7: : | I7: 800.1.11.1/ /SPPD-AKN/2025
Q8: ABDUL MUGNI
B9: SURAT PERINTAH PERJALANAN DINAS
A10: 1. | B10: Pejabat yang Memberi Perintah | D10: KEPALA DESA AMAWANG KANAN | J10: II. | K10: Tiba di | M10: : | N10: =S4 -> Aula Kecamatan Kandangan | Q10: Berangkat dari | R10: : | S10: =E21 -> Aula Kecamatan Kandangan
K11: Pada tanggal | M11: : | N11: =S3 -> 14 Januari 2026 | Q11: Ke | R11: : | S11: =S2 -> Kantor Desa Amawang Kanan
A12: 2. | B12: Nama pegawai yang diperintah | D12: =SPT!B17 -> ARIF RAHMAN HAKIM | K12: Kepala | M12: : | Q12: Pada tanggal | R12: : | S12: =E24 -> 13 Januari 2026
A13: 3. | B13: a. | C13: Pegawai dan Golongan Ruang Gaji Menurut PP No. 6 Tahun 1997 | Q13: Kepala | R13: : | S13: :
B14: b. | C14: Jabatan | D14: =SPT!G17 -> Sekertaris Desa Amawang Kanan
B15: c. | C15: Tingakat Menurut Peraturan Perjalanan | J15: ……………………………. | Q15: …………………………….
A16: 4. | B16: Maksud Perjalanan Dinas | D16: =SPT!C18 -> Menghadiri Undangan Evaluasi APBDes Murni Tahun Anggaran 2026 | J16: III. | K16: Tiba di | M16: : | Q16: Berangkat dari | R16: :
K17: Pada tanggal | M17: : | Q17: Ke | R17: :
K18: Kepala | M18: : | Q18: Pada tanggal | R18: :
A19: 5. | B19: Alat Angkut dipergunakan | D19: Transportasi Darat | Q19: Kepala | R19: :
A20: 6. | B20: a. | C20: Tempat Berangkat | D20: a. | E20: Kantor Desa Amawang Kanan
B21: b. | C21: Tempat Tujuan | D21: b. | E21: =SPT!E21 -> Aula Kecamatan Kandangan | J21: ……………………………. | Q21: …………………………….
A22: 7. | B22: a. | C22: Tanggal Berangkat | D22: a. | E22: 14 Januari 2026 | J22: IV. | K22: Tiba di | M22: : | Q22: Berangkat dari | R22: :
B23: b. | C23: Lama Perjalanan Dinas | D23: b. | E23: 1 (Satu) Hari | K23: Pada tanggal | M23: : | Q23: Ke | R23: :
B24: c. | C24: Tanggal Harus Kembali | D24: c. | E24: 13 Januari 2026 | K24: Kepala | M24: : | Q24: Pada tanggal | R24: :
A25: 8. | B25: Pengikut | Q25: Kepala | R25: :
A26: 9. | B26: Pembebanan Anggaran
B27: a. | C27: Instansi | D27: a. | E27: Pemerintah Desa Amawang Kanan | J27: ……………………………. | Q27: …………………………….
B28: b. | C28: Mata Anggaran | D28: b. | J28: V. | K28: Tiba Kembali di | O28: : | P28: =S11 -> Kantor Desa Amawang Kanan
A29: 10. | B29: Keterangan lain-lain | K29: Pada Tanggal | O29: : | P29: =E24 -> 13 Januari 2026
K30: Telah diperiksa dengan keterangan bahwa perjalanan tersebut di atas benar dilakukan atas perintah dan semata-mata kepentingan jabatan dalam waktu yang sesingkat-singkatnya.
D31: Dikeluarkan di | F31: : | G31: Amawang Kanan
D32: Pada tanggal | F32: : | G32: =SPT!K25 -> 14 Januari 2026 | Q32: =D34 -> Kepala Desa Amawang Kanan
D34: =SPT!I27 -> Kepala Desa Amawang Kanan
Q35: =D37 -> MUHAMMAD NOOR EFFENDIE
D37: =SPT!I31 -> MUHAMMAD NOOR EFFENDIE | J37: VI. | K37: Catatan lain-lain
J38: VII. | K38: Pejabat yang berwenang menerbitkan SPPD, pegawai yang melakukan perjalanan dinas, para pejabat yang mengesahkan tanggal berangkat/tiba serta Bendaharawan bertanggungjawab berdasarkan peraturan-peraturan Keuangan Negara apabila Negara mendapatkan kerugian akibat kesalahan dan kealpaannya.

Sheet LPD
A1: PEMERINTAH KABUPATEN HULU SUNGAI SELATAN
A2: KECAMATAN KANDANGAN
A3: DESA AMAWANG KANAN
A4: Jl. Asam Cangkuk RT.003 RW.002 - Kode Pos: 71213 – 085347899293/085248904994
A5: Email: pemdes.amawang.kanan@gmail.com Website: amawangkanan.desa.id
A7: LAPORAN PERJALANAN DINAS
A8: 1 | B8: Kepada Yth. | C8: : | D8: Kepala Desa Amawang Kanan
A9: 2 | B9: Dari | C9: : | D9: =SPT!B17 -> ARIF RAHMAN HAKIM
A10: 3 | B10: Jabatan | C10: : | D10: =SPT!G17 -> Sekertaris Desa Amawang Kanan
A11: 4 | B11: Perihal | C11: : | D11: Evaluasi APBDes Murni Tahun Anggaran 2026
A13: 1 | B13: Dasar | C13: : | D13: =SPT!C11 -> 400.10.2.2/ 24 /Kec Kdg. Kandangan, 8 Januari 2026
A14: 2 | B14: Tujuan | C14: : | D14: =SPT!C18 -> Menghadiri Undangan Evaluasi APBDes Murni Tahun Anggaran 2026
A15: 3 | B15: Tanggal | C15: :
A16: 4 | B16: Tempat Tujuan | C16: : | D16: =SPT!E21 -> Aula Kecamatan Kandangan
A17: 5 | B17: Peserta/Objek | C17: : | D17: =D9 -> ARIF RAHMAN HAKIM
A18: 6 | B18: Isi Laporan | C18: :
B33: Demikian laporan ini disampaikan untuk menjadi bahan selanjutnya.
F35: Amawang Kanan, Januari 2026
F36: Pelaksana Kegiatan,
F40: =D17 -> ARIF RAHMAN HAKIM

Sheet DPD
A1: PEMERINTAH KABUPATEN HULU SUNGAI SELATAN
A2: KECAMATAN KANDANGAN
A3: DESA AMAWANG KANAN
A4: Jl. Asam Cangkuk RT.003 RW.002 - Kode Pos: 71213 – 085347899293/085248904994
A5: Email: pemdes.amawang.kanan@gmail.com Website: amawangkanan.desa.id
A8: DOKUMENTASI PERJALANAN DINAS
